Failures,Number of observed features
1,13.857178705219885
2,10.91285975321172
3,6.4874406424725555
4,9.690321310922474
5,4.990075516407392
6,6.86649751099239
7,12.15778977704915
8,7.321352580671308
9,15.416813529694364
10,7.811123845569069
11,11.111181683987311
