Failures,Number of observed features
1,8.215458795527045
2,11.68465002642254
3,10.128608560210505
4,6.788030131776355
5,13.913592626887274
6,11.929771363130353
7,8.765648721555424
8,5.908603843926553
9,6.138268953544178
10,4.964452917176508
11,6.020271949583138
