Failures,Number of observed features
1,8.77571794760767
2,12.411160377007143
3,9.787266128729746
4,6.509158694879668
5,14.497040797258817
6,11.18600972448167
7,8.38719093407543
8,6.025054139248987
9,7.095442473371505
10,4.567543768157651
11,6.5175332650468345
