Failures,Number of observed features
1,10.338181993611494
2,7.237407730765883
3,9.740026198381823
4,7.444119492681066
5,10.274103130483857
6,8.210868902973521
7,8.537642549670023
8,6.272659263944301
9,5.03656115654244
10,5.771887819829393
11,9.729599153279239
