Failures,Number of observed features
1,14.825036650928043
2,10.543002640102191
3,6.572784845608921
4,10.855000561168675
5,4.040060057916813
6,7.652489140529302
7,12.399090694021096
8,6.611994662151572
9,15.50135308068804
10,6.773550563096752
11,10.442208768783926
