Failures,Number of observed features
1,10.121248491475956
2,7.5365872911063105
3,9.186560351669229
4,6.9304290364919
5,9.932645841153388
6,7.703743410211451
7,8.8908660214032
8,5.876570674201423
9,6.267591249174907
10,6.039842796374581
11,9.92430390258825
